DROP TABLE IF EXISTS ParkingProcesses
DROP TABLE IF EXISTS Locks
DROP TABLE IF EXISTS Transactions
DROP TABLE IF EXISTS Users

CREATE TABLE Users (
    id UNIQUEIDENTIFIER PRIMARY KEY,
    balance SMALLMONEY NOT NULL DEFAULT 0,
    tab SMALLMONEY NOT NULL DEFAULT 0
)

-- Insert data into the Users table
INSERT INTO Users (id, balance)
VALUES
    ('11111111-1111-1111-1111-111111111111', 100.00),
    ('22222222-2222-2222-2222-222222222222', 50.00),
    ('33333333-3333-3333-3333-333333333333', 200.00),
    ('44444444-4444-4444-4444-444444444444', 150.00),
    ('55555555-5555-5555-5555-555555555555', 75.00),
    ('66666666-6666-6666-6666-666666666666', 300.00),
    ('77777777-7777-7777-7777-777777777777', 80.00),
    ('88888888-8888-8888-8888-888888888888', 120.00),
    ('99999999-9999-9999-9999-999999999999', 250.00),
    ('AAAAAAAA-AAAA-AAAA-AAAA-AAAAAAAAAAAA', 90.00);

CREATE TABLE Transactions (
    id INT IDENTITY PRIMARY KEY,
    user_id UNIQUEIDENTIFIER NOT NULL FOREIGN KEY REFERENCES Users (id),
    date_time DATETIME NOT NULL,
    amount SMALLMONEY NOT NULL
)

-- Insert data into the Transactions table
INSERT INTO Transactions (user_id, date_time, amount)
VALUES
    ('11111111-1111-1111-1111-111111111111', GETDATE(), 50.00),
    ('22222222-2222-2222-2222-222222222222', GETDATE(), 25.00),
    ('33333333-3333-3333-3333-333333333333', GETDATE(), -100.00),
    ('44444444-4444-4444-4444-444444444444', DATEADD(hour, -2, GETDATE()), 75.00),
    ('55555555-5555-5555-5555-555555555555', DATEADD(day, -1, GETDATE()), -50.00),
    ('66666666-6666-6666-6666-666666666666', DATEADD(day, -3, GETDATE()), 100.00),
    ('77777777-7777-7777-7777-777777777777', DATEADD(hour, -4, GETDATE()), 30.00),
    ('88888888-8888-8888-8888-888888888888', DATEADD(minute, -30, GETDATE()), 20.00),
    ('99999999-9999-9999-9999-999999999999', DATEADD(day, -2, GETDATE()), -80.00),
    ('AAAAAAAA-AAAA-AAAA-AAAA-AAAAAAAAAAAA', DATEADD(hour, -1, GETDATE()), 45.00);

CREATE TABLE Locks (
    id UNIQUEIDENTIFIER PRIMARY KEY,
    owner_id UNIQUEIDENTIFIER FOREIGN KEY REFERENCES Users (id),
    state VARCHAR(10) NOT NULL
)

-- Insert data into the Locks table
INSERT INTO Locks (id, owner_id, state)
VALUES
    ('11111111-1111-1111-1111-111111111111', '11111111-1111-1111-1111-111111111111', 'Locked'),
    ('22222222-2222-2222-2222-222222222222', '22222222-2222-2222-2222-222222222222', 'Unlocked'),
    ('33333333-3333-3333-3333-333333333333', '33333333-3333-3333-3333-333333333333', 'Locked'),
    ('44444444-4444-4444-4444-444444444444', '11111111-1111-1111-1111-111111111111', 'Unlocked'),
    ('55555555-5555-5555-5555-555555555555', '22222222-2222-2222-2222-222222222222', 'Locked'),
    ('66666666-6666-6666-6666-666666666666', '33333333-3333-3333-3333-333333333333', 'Locked'),
    ('77777777-7777-7777-7777-777777777777', '11111111-1111-1111-1111-111111111111', 'Unlocked'),
    ('88888888-8888-8888-8888-888888888888', '22222222-2222-2222-2222-222222222222', 'Locked'),
    ('99999999-9999-9999-9999-999999999999', '33333333-3333-3333-3333-333333333333', 'Unlocked'),
    ('AAAAAAAA-AAAA-AAAA-AAAA-AAAAAAAAAAAA', '11111111-1111-1111-1111-111111111111', 'Locked');

CREATE TABLE ParkingProcesses (
    id INT IDENTITY PRIMARY KEY,
    user_id UNIQUEIDENTIFIER NOT NULL FOREIGN KEY REFERENCES Users (id),
    lock_id UNIQUEIDENTIFIER NOT NULL FOREIGN KEY REFERENCES Locks (id),
    start_time DATETIME NOT NULL,
    end_time DATETIME,
    duration INT,
    cost SMALLMONEY
)

-- Insert data into the ParkingProcesses table
INSERT INTO ParkingProcesses (user_id, lock_id, start_time, end_time, duration, cost)
VALUES
    ('11111111-1111-1111-1111-111111111111', '11111111-1111-1111-1111-111111111111', GETDATE(), NULL, NULL, NULL),
    ('22222222-2222-2222-2222-222222222222', '22222222-2222-2222-2222-222222222222', GETDATE(), NULL, NULL, NULL),
    ('33333333-3333-3333-3333-333333333333', '33333333-3333-3333-3333-333333333333', GETDATE(), NULL, NULL, NULL),
    ('44444444-4444-4444-4444-444444444444', '44444444-4444-4444-4444-444444444444', DATEADD(day, -1, GETDATE()), GETDATE(), 20, 20.00),
    ('55555555-5555-5555-5555-555555555555', '55555555-5555-5555-5555-555555555555', DATEADD(day, -2, GETDATE()), GETDATE(), 15, 15.00),
    ('66666666-6666-6666-6666-666666666666', '66666666-6666-6666-6666-666666666666', DATEADD(day, -3, GETDATE()), GETDATE(), 35, 35.00),
    ('77777777-7777-7777-7777-777777777777', '77777777-7777-7777-7777-777777777777', DATEADD(hour, -2, GETDATE()), GETDATE(), 10, 10.00),
    ('88888888-8888-8888-8888-888888888888', '88888888-8888-8888-8888-888888888888', DATEADD(hour, -4, GETDATE()), GETDATE(), 8.50, 8.50),
    ('99999999-9999-9999-9999-999999999999', '99999999-9999-9999-9999-999999999999', DATEADD(day, -1, GETDATE()), GETDATE(), 25, 25.00),
    ('AAAAAAAA-AAAA-AAAA-AAAA-AAAAAAAAAAAA', 'AAAAAAAA-AAAA-AAAA-AAAA-AAAAAAAAAAAA', DATEADD(hour, -3, GETDATE()), GETDATE(), 12.5, 12.50);
